Id;Nom;Prenom
103;Doe;Factory
104;Doe;Factory
105;Doe;Factory
106;Doe;Factory
107;Doe;Factory
108;Doe;Factory
109;Doe;Factory
110;Doe;Factory
111;Doe;Factory
112;Doe;Factory
113;Doe;Factory
114;Doe;Factory
115;Doe;Factory
116;Doe;Factory
117;Doe;Factory
118;Doe;Factory
119;Doe;Factory
120;Doe;Factory
121;Doe;Factory
122;Doe;Factory
123;Doe;Factory
124;Doe;Factory
125;Doe;Factory
126;Doe;Factory
127;Doe;Factory
128;Doe;Factory
129;Doe;Factory
130;Doe;Factory
131;Doe;Factory
132;Doe;Factory
133;Doe;Factory